Metric,Value
Accuracy,0.9850746268656716
F1-Score,0.9802837663534181
CV Mean,0.9807240571970357
CV Std,0.008654559085425836
